{"cameraMode":{"drawMode":0,"name":"Shaded","section":"Shading Mode"},"sceneLighting":true,"audioPlay":false,"sceneViewState":{"m_AlwaysRefresh":false,"showFog":true,"showSkybox":true,"showFlares":true,"showImageEffects":true,"showParticleSystems":true,"showVisualEffectGraphs":true,"m_FxEnabled":true},"in2DMode":false,"pivot":{"x":590.9239501953125,"y":264.3079528808594,"z":-10.52325439453125},"rotation":{"x":-0.005699898116290569,"y":0.016491565853357316,"z":-0.00010603926057228819,"w":-0.9999129176139832},"size":344.4217224121094,"orthographic":true}